{
  "project_info": {
    "project_number": "703954506446",
    "project_id": "celo-wallet-39a5d",
    "storage_bucket": "celo-wallet-39a5d.appspot.com"
  },
  "client": [
    {
      "client_info": {
        "mobilesdk_app_id": "1:703954506446:android:e57505b421d00c500f769f",
        "android_client_info": {
          "package_name": "org.celo.mobile"
        }
      },
      "oauth_client": [
        {
          "client_id": "703954506446-b40ee7ulp86nk9s0kp45rc8a05jfr66k.apps.googleusercontent.com",
          "client_type": 1,
          "android_info": {
            "package_name": "org.celo.mobile",
            "certificate_hash": "5e8f16062ea3cd2c4a0d547876baa6f38cabf625"
          }
        },
        {
          "client_id": "703954506446-g7qus16rcl1uh5c3v3rgsh2405fcov1f.apps.googleusercontent.com",
          "client_type": 3
        }
      ],
      "api_key": [
        {
          "current_key": "AIzaSyCg8RPx6pwZqDiDxQxOOw1wCmy2NqB6bJg"
        }
      ],
      "services": {
        "appinvite_service": {
          "other_platform_oauth_client": [
            {
              "client_id": "703954506446-g7qus16rcl1uh5c3v3rgsh2405fcov1f.apps.googleusercontent.com",
              "client_type": 3
            }
          ]
        }
      }
    }
  ],
  "configuration_version": "1"
}